{
    "popular": {
        "MAP@K": 3.2983527148344793e-06,
        "mean_cosine_list_dissimilarity": 0.1759157652506763,
        "metadata_diversity": 2.6621423620004965
    },
    "random": {
        "MAP@K": 0.0,
        "mean_cosine_list_dissimilarity": 0.18824136778415887,
        "metadata_diversity": 4.232678019839484
    },
    "weighted": {
        "MAP@K": 6.140908030743949e-07,
        "mean_cosine_list_dissimilarity": 0.16081314804066463,
        "metadata_diversity": 3.9207363216674467
    },
    "ALS": {
        "MAP@K": 1.731315299044219e-05,
        "mean_cosine_list_dissimilarity": 0.1889326796140692,
        "metadata_diversity": 3.4284245925746957
    }
}