{
    "popular": {
        "MAP@K": 0.10620597746944373,
        "mean_cosine_list_dissimilarity": 0.1782422452673025,
        "metadata_diversity": 2.708892926008163
    },
    "random": {
        "MAP@K": 0.0001349077479153938,
        "mean_cosine_list_dissimilarity": 0.17520191979126418,
        "metadata_diversity": 4.511948377743507
    },
    "ALS": {
        "MAP@K": 0.0855785767079789,
        "mean_cosine_list_dissimilarity": 0.16196735253426256,
        "metadata_diversity": 3.223943220517218
    }
}